date,Topspin/Backspin Indicator,Forehand/Backhand Indicator,Winning in First Three Strokes,X,Y
2024-01-01 20:20:00,1,1,1,149,53
2024-01-01 20:21:00,1,1,1,149,53
2024-01-01 20:22:00,1,1,1,149,52
2024-01-01 20:23:00,1,1,1,149,52
2024-01-01 20:24:00,1,1,1,149,52
2024-01-01 20:25:00,1,1,1,149,52
2024-01-01 20:26:00,1,1,1,149,52
2024-01-01 20:27:00,1,1,1,149,52
2024-01-01 20:28:00,1,1,1,149,51
2024-01-01 20:29:00,1,1,1,149,51
2024-01-01 20:30:00,1,1,1,149,51
2024-01-01 20:31:00,1,1,1,149,51
2024-01-01 20:32:00,1,1,1,148,51
2024-01-01 20:33:00,1,1,1,148,51
2024-01-01 20:34:00,1,1,1,148,50
2024-01-01 20:35:00,1,1,1,148,50
2024-01-01 20:36:00,1,1,1,148,50
2024-01-01 20:37:00,1,1,1,148,50
2024-01-01 20:38:00,1,1,1,148,50
2024-01-01 20:39:00,1,1,1,148,50
2024-01-01 20:40:00,1,1,1,148,50
2024-01-01 20:41:00,1,1,1,148,49
2024-01-01 20:42:00,1,1,1,148,49
2024-01-01 20:43:00,1,1,1,148,49
2024-01-01 20:44:00,1,1,1,148,49
2024-01-01 20:45:00,1,1,1,147,49
2024-01-01 20:46:00,1,1,1,147,49
2024-01-01 20:47:00,1,1,1,147,48
2024-01-01 20:48:00,1,1,1,147,48
2024-01-01 20:49:00,1,1,1,147,48
2024-01-01 20:50:00,1,1,1,147,48
2024-01-01 20:51:00,1,1,1,147,48
2024-01-01 20:52:00,1,1,1,147,48
2024-01-01 20:53:00,1,1,1,147,48
2024-01-01 20:54:00,1,1,1,147,48
2024-01-01 20:55:00,1,1,1,147,47
2024-01-01 20:56:00,1,1,1,146,47
2024-01-01 20:57:00,1,1,1,146,47
2024-01-01 20:58:00,1,1,1,146,47
2024-01-01 20:59:00,1,1,1,146,47
2024-01-01 21:00:00,1,1,1,146,47
2024-01-01 21:01:00,1,1,1,146,47
2024-01-01 21:02:00,1,1,1,146,46
2024-01-01 21:03:00,1,1,1,146,46
2024-01-01 21:04:00,1,1,1,146,46
2024-01-01 21:05:00,1,1,1,146,46
2024-01-01 21:06:00,1,1,1,146,46
2024-01-01 21:07:00,1,1,1,145,46
2024-01-01 21:08:00,1,1,1,145,46
2024-01-01 21:09:00,1,1,1,145,46
2024-01-01 21:10:00,1,1,1,145,46
2024-01-01 21:11:00,1,1,1,145,45
2024-01-01 21:12:00,1,1,1,145,45
2024-01-01 21:13:00,1,1,1,145,45
2024-01-01 21:14:00,1,1,1,145,45
2024-01-01 21:15:00,1,1,1,145,45
2024-01-01 21:16:00,1,1,1,145,45
2024-01-01 21:17:00,1,1,1,144,45
2024-01-01 21:18:00,1,1,1,144,45
2024-01-01 21:19:00,1,1,1,144,45
2024-01-01 21:20:00,1,1,1,144,44
2024-01-01 21:21:00,1,1,1,144,44
2024-01-01 21:22:00,1,1,1,144,44
2024-01-01 21:23:00,1,1,1,144,44
2024-01-01 21:24:00,1,1,1,144,44
2024-01-01 21:25:00,1,1,1,144,44
2024-01-01 21:26:00,1,1,1,144,44
2024-01-01 21:27:00,1,1,1,143,44
2024-01-01 21:28:00,1,1,1,143,44
2024-01-01 21:29:00,1,1,1,143,44
2024-01-01 21:30:00,1,1,1,143,43
2024-01-01 21:31:00,1,1,1,143,43
2024-01-01 21:32:00,1,1,1,143,43
2024-01-01 21:33:00,1,1,1,143,43
2024-01-01 21:34:00,1,1,1,143,43
2024-01-01 21:35:00,1,1,1,143,43
2024-01-01 21:36:00,1,1,1,142,43
2024-01-01 21:37:00,1,1,1,142,43
2024-01-01 21:38:00,1,1,1,142,43
2024-01-01 21:39:00,1,1,1,142,43
2024-01-01 21:40:00,1,1,1,142,43
2024-01-01 21:41:00,1,1,1,142,43
2024-01-01 21:42:00,1,1,1,142,43
2024-01-01 21:43:00,1,1,1,142,42
2024-01-01 21:44:00,1,1,1,142,42
2024-01-01 21:45:00,1,1,1,142,42
2024-01-01 21:46:00,1,1,1,141,42
2024-01-01 21:47:00,1,1,1,141,42
2024-01-01 21:48:00,1,1,1,141,42
2024-01-01 21:49:00,1,1,1,141,42
2024-01-01 21:50:00,1,1,1,141,42
2024-01-01 21:51:00,1,1,1,141,42
2024-01-01 21:52:00,1,1,1,141,42
2024-01-01 21:53:00,1,1,1,141,42
2024-01-01 21:54:00,1,1,1,141,42
2024-01-01 21:55:00,1,1,1,140,42
2024-01-01 21:56:00,1,1,1,140,42
2024-01-01 21:57:00,1,1,1,140,42
2024-01-01 21:58:00,1,1,1,140,42
2024-01-01 21:59:00,1,1,1,140,42
2024-01-01 22:00:00,1,1,1,140,41
2024-01-01 22:01:00,1,1,1,140,41
2024-01-01 22:02:00,1,1,1,140,41
2024-01-01 22:03:00,1,1,1,140,41
2024-01-01 22:04:00,1,1,1,139,41
2024-01-01 22:05:00,1,1,1,139,41
2024-01-01 22:06:00,1,1,1,139,41
2024-01-01 22:07:00,1,1,1,139,41
2024-01-01 22:08:00,1,1,1,139,41
2024-01-01 22:09:00,1,1,1,139,41
2024-01-01 22:10:00,1,1,1,139,41
2024-01-01 22:11:00,1,1,1,139,41
2024-01-01 22:12:00,1,1,1,139,41
2024-01-01 22:13:00,1,1,1,138,41
2024-01-01 22:14:00,1,1,1,138,41
2024-01-01 22:15:00,1,1,1,138,41
2024-01-01 22:16:00,1,1,1,138,41
2024-01-01 22:17:00,1,1,1,138,41
2024-01-01 22:18:00,1,1,1,138,41
2024-01-01 22:19:00,1,1,1,138,41
2024-01-01 22:20:00,1,1,1,138,41
2024-01-01 22:21:00,1,1,1,138,41
2024-01-01 22:22:00,1,1,1,137,41
2024-01-01 22:23:00,1,1,1,137,41
2024-01-01 22:24:00,1,1,1,137,41
2024-01-01 22:25:00,1,1,1,137,41
2024-01-01 22:26:00,1,1,1,137,41
2024-01-01 22:27:00,1,1,1,137,41
2024-01-01 22:28:00,1,1,1,137,41
2024-01-01 22:29:00,1,1,1,137,41
2024-01-01 22:30:00,1,1,1,137,41
2024-01-01 22:31:00,1,1,1,136,41
2024-01-01 22:32:00,1,1,1,136,41
2024-01-01 22:33:00,1,1,1,136,41
2024-01-01 22:34:00,1,1,1,136,41
2024-01-01 22:35:00,1,1,1,136,41
2024-01-01 22:36:00,1,1,1,136,41
2024-01-01 22:37:00,1,1,1,136,41
2024-01-01 22:38:00,1,1,1,136,41
2024-01-01 22:39:00,1,1,1,136,41
2024-01-01 22:40:00,1,1,1,135,41
2024-01-01 22:41:00,1,1,1,135,41
2024-01-01 22:42:00,1,1,1,135,41
2024-01-01 22:43:00,1,1,1,135,41
2024-01-01 22:44:00,1,1,1,135,41
2024-01-01 22:45:00,1,1,1,135,41
2024-01-01 22:46:00,1,1,1,135,41
2024-01-01 22:47:00,1,1,1,135,41
2024-01-01 22:48:00,1,1,1,135,41
2024-01-01 22:49:00,1,1,1,134,41
2024-01-01 22:50:00,1,1,1,134,41
2024-01-01 22:51:00,1,1,1,134,41
2024-01-01 22:52:00,1,1,1,134,41
2024-01-01 22:53:00,1,1,1,134,41
2024-01-01 22:54:00,1,1,1,134,41
2024-01-01 22:55:00,1,1,1,134,41
2024-01-01 22:56:00,1,1,1,134,41
2024-01-01 22:57:00,1,1,1,134,41
2024-01-01 22:58:00,1,1,1,134,41
2024-01-01 22:59:00,1,1,1,133,41
2024-01-01 23:00:00,1,1,1,133,41
2024-01-01 23:01:00,1,1,1,133,41
2024-01-01 23:02:00,1,1,1,133,41
2024-01-01 23:03:00,1,1,1,133,41
2024-01-01 23:04:00,1,1,1,133,41
2024-01-01 23:05:00,1,1,1,133,41
2024-01-01 23:06:00,1,1,1,133,41
2024-01-01 23:07:00,1,1,1,133,41
2024-01-01 23:08:00,1,1,1,132,41
2024-01-01 23:09:00,1,1,1,132,41
2024-01-01 23:10:00,1,1,1,132,41
2024-01-01 23:11:00,1,1,1,132,41
2024-01-01 23:12:00,1,1,1,132,41
2024-01-01 23:13:00,1,1,1,132,41
2024-01-01 23:14:00,1,1,1,132,41
2024-01-01 23:15:00,1,1,1,132,41
2024-01-01 23:16:00,1,1,1,132,41
2024-01-01 23:17:00,1,1,1,132,41
2024-01-01 23:18:00,1,1,1,131,41
2024-01-01 23:19:00,1,1,1,131,41
2024-01-01 23:20:00,1,1,1,131,41
2024-01-01 23:21:00,1,1,1,131,41
2024-01-01 23:22:00,1,1,1,131,41
2024-01-01 23:23:00,1,1,1,131,41
2024-01-01 23:24:00,1,1,1,131,41
2024-01-01 23:25:00,1,1,1,131,41
2024-01-01 23:26:00,1,1,1,131,41
2024-01-01 23:27:00,1,1,1,131,41
2024-01-01 23:28:00,1,1,1,131,42
2024-01-01 23:29:00,1,1,1,130,42
2024-01-01 23:30:00,1,1,1,130,42
2024-01-01 23:31:00,1,1,1,130,42
2024-01-01 23:32:00,1,1,1,130,42
2024-01-01 23:33:00,1,1,1,130,42
2024-01-01 23:34:00,1,1,1,130,42
2024-01-01 23:35:00,1,1,1,130,42
2024-01-01 23:36:00,1,1,1,130,42
2024-01-01 23:37:00,1,1,1,130,42
2024-01-01 23:38:00,1,1,1,130,42
2024-01-01 23:39:00,1,1,1,129,42
2024-01-01 23:40:00,1,1,1,129,42
2024-01-01 23:41:00,1,1,1,129,42
2024-01-01 23:42:00,1,1,1,129,42
2024-01-01 23:43:00,1,1,1,129,42
2024-01-01 23:44:00,1,1,1,129,42
2024-01-01 23:45:00,1,1,1,129,42
2024-01-01 23:46:00,1,1,1,129,42
2024-01-01 23:47:00,1,1,1,129,42
2024-01-01 23:48:00,1,1,1,129,42
2024-01-01 23:49:00,1,1,1,129,42
2024-01-01 23:50:00,1,1,1,129,42
2024-01-01 23:51:00,1,1,1,128,42
2024-01-01 23:52:00,1,1,1,128,42
2024-01-01 23:53:00,1,1,1,128,43
2024-01-01 23:54:00,1,1,1,128,43
2024-01-01 23:55:00,1,1,1,128,43
2024-01-01 23:56:00,1,1,1,128,43
2024-01-01 23:57:00,1,1,1,128,43
2024-01-01 23:58:00,1,1,1,128,43
2024-01-01 23:59:00,1,1,1,128,43
2024-01-02 00:00:00,1,1,1,128,43
2024-01-02 00:01:00,1,1,1,128,43
2024-01-02 00:02:00,1,1,1,128,43
2024-01-02 00:03:00,1,1,1,127,43
2024-01-02 00:04:00,1,1,1,127,43
2024-01-02 00:05:00,1,1,1,127,43
2024-01-02 00:06:00,1,1,1,127,43
2024-01-02 00:07:00,1,1,1,127,43
2024-01-02 00:08:00,1,1,1,127,43
2024-01-02 00:09:00,1,1,1,127,43
2024-01-02 00:10:00,1,1,1,127,43
2024-01-02 00:11:00,1,1,1,127,43
2024-01-02 00:12:00,1,1,1,127,43
2024-01-02 00:13:00,1,1,1,127,43
2024-01-02 00:14:00,1,1,1,127,43
2024-01-02 00:15:00,1,1,1,127,44
2024-01-02 00:16:00,1,1,1,127,44
2024-01-02 00:17:00,1,1,1,126,44
2024-01-02 00:18:00,1,1,1,126,44
2024-01-02 00:19:00,1,1,1,126,44
2024-01-02 00:20:00,1,1,1,126,44
2024-01-02 00:21:00,1,1,1,126,44
2024-01-02 00:22:00,1,1,1,126,44
2024-01-02 00:23:00,1,1,1,126,44
2024-01-02 00:24:00,1,1,1,126,44
2024-01-02 00:25:00,1,1,1,126,44
2024-01-02 00:26:00,1,1,1,126,44
2024-01-02 00:27:00,1,1,1,126,44
2024-01-02 00:28:00,1,1,1,126,44
2024-01-02 00:29:00,1,1,1,126,44
2024-01-02 00:30:00,1,1,1,126,44
2024-01-02 00:31:00,1,1,1,126,44
2024-01-02 00:32:00,1,1,1,125,44
2024-01-02 00:33:00,1,1,1,125,44
2024-01-02 00:34:00,1,1,1,125,44
2024-01-02 00:35:00,1,1,1,125,44
2024-01-02 00:36:00,1,1,1,125,44
2024-01-02 00:37:00,1,1,1,125,44
2024-01-02 00:38:00,1,1,1,125,45
2024-01-02 00:39:00,1,1,1,125,45
2024-01-02 00:40:00,1,1,1,125,45
2024-01-02 00:41:00,1,1,1,125,45
2024-01-02 00:42:00,1,1,1,125,45
2024-01-02 00:43:00,1,1,1,125,45
2024-01-02 00:44:00,1,1,1,125,45
2024-01-02 00:45:00,1,1,1,125,45
2024-01-02 00:46:00,1,1,1,125,45
2024-01-02 00:47:00,1,1,1,125,45
2024-01-02 00:48:00,1,1,1,125,45
2024-01-02 00:49:00,1,1,1,125,45
2024-01-02 00:50:00,1,1,1,124,45
2024-01-02 00:51:00,1,1,1,124,45
2024-01-02 00:52:00,1,1,1,124,45
2024-01-02 00:53:00,1,1,1,124,45
2024-01-02 00:54:00,1,1,1,124,45
2024-01-02 00:55:00,1,1,1,124,45
2024-01-02 00:56:00,1,1,1,124,45
2024-01-02 00:57:00,1,1,1,124,45
2024-01-02 00:58:00,1,1,1,124,45
2024-01-02 00:59:00,1,1,1,124,45
2024-01-02 01:00:00,1,1,1,124,45
2024-01-02 01:01:00,1,1,1,124,45
2024-01-02 01:02:00,1,1,1,124,45
2024-01-02 01:03:00,1,1,1,124,45
2024-01-02 01:04:00,1,1,1,124,45
2024-01-02 01:05:00,1,1,1,124,45
2024-01-02 01:06:00,1,1,1,124,45
2024-01-02 01:07:00,1,1,1,124,45
2024-01-02 01:08:00,1,1,1,124,46
2024-01-02 01:09:00,1,1,1,124,46
2024-01-02 01:10:00,1,1,1,124,46
2024-01-02 01:11:00,1,1,1,124,46
2024-01-02 01:12:00,1,1,1,124,46
2024-01-02 01:13:00,1,1,1,124,46
2024-01-02 01:14:00,1,1,1,123,46
2024-01-02 01:15:00,1,1,1,123,46
2024-01-02 01:16:00,1,1,1,123,46
2024-01-02 01:17:00,1,1,1,123,46
2024-01-02 01:18:00,1,1,1,123,46
2024-01-02 01:19:00,1,1,1,123,46
2024-01-02 01:20:00,1,1,1,123,46
2024-01-02 01:21:00,1,1,1,123,46
2024-01-02 01:22:00,1,1,1,123,46
2024-01-02 01:23:00,1,1,1,123,46
2024-01-02 01:24:00,1,1,1,123,46
2024-01-02 01:25:00,1,1,1,123,46
2024-01-02 01:26:00,1,1,1,123,46
2024-01-02 01:27:00,1,1,1,123,46
2024-01-02 01:28:00,1,1,1,123,46
2024-01-02 01:29:00,1,1,1,123,46
2024-01-02 01:30:00,1,1,1,123,46
2024-01-02 01:31:00,1,1,1,123,46
2024-01-02 01:32:00,1,1,1,123,46
2024-01-02 01:33:00,1,1,1,123,46
2024-01-02 01:34:00,1,1,1,123,46
2024-01-02 01:35:00,1,1,1,123,46
2024-01-02 01:36:00,1,1,1,123,46
2024-01-02 01:37:00,1,1,1,123,46
2024-01-02 01:38:00,1,1,1,123,46
2024-01-02 01:39:00,1,1,1,123,46
2024-01-02 01:40:00,1,1,1,123,46
2024-01-02 01:41:00,1,1,1,123,46
2024-01-02 01:42:00,1,1,1,123,46
2024-01-02 01:43:00,1,1,1,123,46
2024-01-02 01:44:00,1,1,1,123,46
2024-01-02 01:45:00,1,1,1,123,46
2024-01-02 01:46:00,1,1,1,123,46
2024-01-02 01:47:00,1,1,1,123,46
2024-01-02 01:48:00,1,1,1,123,46
2024-01-02 01:49:00,1,1,1,123,46
2024-01-02 01:50:00,1,1,1,123,46
2024-01-02 01:51:00,1,1,1,123,46
2024-01-02 01:52:00,1,1,1,123,46
2024-01-02 01:53:00,1,1,1,123,46
2024-01-02 01:54:00,1,1,1,123,46
2024-01-02 01:55:00,1,1,1,123,46
2024-01-02 01:56:00,1,1,1,123,46
2024-01-02 01:57:00,1,1,1,123,46
2024-01-02 01:58:00,1,1,1,123,46
2024-01-02 01:59:00,1,1,1,123,46
2024-01-02 02:00:00,1,1,1,123,46
2024-01-02 02:01:00,1,1,1,123,46
2024-01-02 02:02:00,1,1,1,123,46
2024-01-02 02:03:00,1,1,1,123,46
2024-01-02 02:04:00,1,1,1,123,46
2024-01-02 02:05:00,1,1,1,123,45
2024-01-02 02:06:00,1,1,1,123,45
2024-01-02 02:07:00,1,1,1,123,45
2024-01-02 02:08:00,1,1,1,123,45
2024-01-02 02:09:00,1,1,1,123,45
2024-01-02 02:10:00,1,1,1,123,45
2024-01-02 02:11:00,1,1,1,123,45
2024-01-02 02:12:00,1,1,1,123,45
2024-01-02 02:13:00,1,1,1,123,45
2024-01-02 02:14:00,1,1,1,123,45
2024-01-02 02:15:00,1,1,1,123,45
2024-01-02 02:16:00,1,1,1,123,45
2024-01-02 02:17:00,1,1,1,123,45
2024-01-02 02:18:00,1,1,1,123,45
2024-01-02 02:19:00,1,1,1,123,45
2024-01-02 02:20:00,1,1,1,123,45
2024-01-02 02:21:00,1,1,1,123,45
2024-01-02 02:22:00,1,1,1,123,45
2024-01-02 02:23:00,1,1,1,123,45
2024-01-02 02:24:00,1,1,1,123,45
2024-01-02 02:25:00,1,1,1,123,45
2024-01-02 02:26:00,1,1,1,123,45
2024-01-02 02:27:00,1,1,1,123,45
2024-01-02 02:28:00,1,1,1,123,45
2024-01-02 02:29:00,1,1,1,123,44
2024-01-02 02:30:00,1,1,1,123,44
2024-01-02 02:31:00,1,1,1,123,44
2024-01-02 02:32:00,1,1,1,123,44
2024-01-02 02:33:00,1,1,1,123,44
2024-01-02 02:34:00,1,1,1,123,44
2024-01-02 02:35:00,1,1,1,123,44
2024-01-02 02:36:00,1,1,1,123,44
2024-01-02 02:37:00,1,1,1,123,44
2024-01-02 02:38:00,1,1,1,123,44
2024-01-02 02:39:00,1,1,1,123,44
2024-01-02 02:40:00,1,1,1,123,44
2024-01-02 02:41:00,1,1,1,123,44
2024-01-02 02:42:00,1,1,1,123,44
2024-01-02 02:43:00,1,1,1,123,44
2024-01-02 02:44:00,1,1,1,123,44
2024-01-02 02:45:00,1,1,1,123,43
2024-01-02 02:46:00,1,1,1,123,43
2024-01-02 02:47:00,1,1,1,123,43
2024-01-02 02:48:00,1,1,1,123,43
2024-01-02 02:49:00,1,1,1,123,43
2024-01-02 02:50:00,1,1,1,123,43
2024-01-02 02:51:00,1,1,1,123,43
2024-01-02 02:52:00,1,1,1,123,43
2024-01-02 02:53:00,1,1,1,123,43
2024-01-02 02:54:00,1,1,1,123,43
2024-01-02 02:55:00,1,1,1,123,43
2024-01-02 02:56:00,1,1,1,123,43
2024-01-02 02:57:00,1,1,1,123,43
2024-01-02 02:58:00,1,1,1,123,42
2024-01-02 02:59:00,1,1,1,123,42
2024-01-02 03:00:00,1,1,1,123,42
2024-01-02 03:01:00,1,1,1,123,42
2024-01-02 03:02:00,1,1,1,123,42
2024-01-02 03:03:00,1,1,1,123,42
2024-01-02 03:04:00,1,1,1,123,42
2024-01-02 03:05:00,1,1,1,123,42
2024-01-02 03:06:00,1,1,1,123,42
2024-01-02 03:07:00,1,1,1,123,42
2024-01-02 03:08:00,1,1,1,123,41
2024-01-02 03:09:00,1,1,1,123,41
2024-01-02 03:10:00,1,1,1,123,41
2024-01-02 03:11:00,1,1,1,123,41
2024-01-02 03:12:00,1,1,1,123,41
2024-01-02 03:13:00,1,1,1,123,41
2024-01-02 03:14:00,1,1,1,123,41
2024-01-02 03:15:00,1,1,1,124,41
2024-01-02 03:16:00,1,1,1,124,41
2024-01-02 03:17:00,1,1,1,124,41
2024-01-02 03:18:00,1,1,1,124,40
2024-01-02 03:19:00,1,1,1,124,40
2024-01-02 03:20:00,1,1,1,124,40
2024-01-02 03:21:00,1,1,1,124,40
2024-01-02 03:22:00,1,1,1,124,40
2024-01-02 03:23:00,1,1,1,124,40
2024-01-02 03:24:00,1,1,1,124,40
2024-01-02 03:25:00,1,1,1,124,40
2024-01-02 03:26:00,1,1,1,124,40
2024-01-02 03:27:00,1,1,1,124,39
2024-01-02 03:28:00,1,1,1,124,39
2024-01-02 03:29:00,1,1,1,124,39
2024-01-02 03:30:00,1,1,1,124,39
2024-01-02 03:31:00,1,1,1,124,39
2024-01-02 03:32:00,1,1,1,124,39
2024-01-02 03:33:00,1,1,1,124,39
2024-01-02 03:34:00,1,1,1,124,39
2024-01-02 03:35:00,1,1,1,124,38
2024-01-02 03:36:00,1,1,1,124,38
2024-01-02 03:37:00,1,1,1,124,38
2024-01-02 03:38:00,1,1,1,124,38
2024-01-02 03:39:00,1,1,1,124,38
2024-01-02 03:40:00,1,1,1,124,38
2024-01-02 03:41:00,1,1,1,124,38
2024-01-02 03:42:00,1,1,1,124,38
2024-01-02 03:43:00,1,1,1,124,37
2024-01-02 03:44:00,1,1,1,124,37
2024-01-02 03:45:00,1,1,1,125,37
2024-01-02 03:46:00,1,1,1,125,37
2024-01-02 03:47:00,1,1,1,125,37
2024-01-02 03:48:00,1,1,1,125,37
2024-01-02 03:49:00,1,1,1,125,37
2024-01-02 03:50:00,1,1,1,125,36
2024-01-02 03:51:00,1,1,1,125,36
2024-01-02 03:52:00,1,1,1,125,36
2024-01-02 03:53:00,1,1,1,125,36
2024-01-02 03:54:00,1,1,1,125,36
2024-01-02 03:55:00,1,1,1,125,36
2024-01-02 03:56:00,1,1,1,125,36
2024-01-02 03:57:00,1,1,1,125,36
2024-01-02 03:58:00,1,1,1,125,35
2024-01-02 03:59:00,1,1,1,125,35
2024-01-02 04:00:00,1,1,1,125,35
2024-01-02 04:01:00,1,1,1,125,35
2024-01-02 04:02:00,1,1,1,125,35
2024-01-02 04:03:00,1,1,1,125,35
2024-01-02 04:04:00,1,1,1,125,35
2024-01-02 04:05:00,1,1,1,125,34
2024-01-02 04:06:00,1,1,1,125,34
2024-01-02 04:07:00,1,1,1,125,34
2024-01-02 04:08:00,1,1,1,125,34
2024-01-02 04:09:00,1,1,1,125,34
2024-01-02 04:10:00,1,1,1,125,34
2024-01-02 04:11:00,1,1,1,125,33
2024-01-02 04:12:00,1,1,1,126,33
2024-01-02 04:13:00,1,1,1,126,33
2024-01-02 04:14:00,1,1,1,126,33
2024-01-02 04:15:00,1,1,1,126,33
2024-01-02 04:16:00,1,1,1,126,33
2024-01-02 04:17:00,1,1,1,126,33
2024-01-02 04:18:00,1,1,1,126,32
2024-01-02 04:19:00,1,1,1,126,32
2024-01-02 04:20:00,1,1,1,126,32
2024-01-02 04:21:00,1,1,1,126,32
2024-01-02 04:22:00,1,1,1,126,32
2024-01-02 04:23:00,1,1,1,126,32
2024-01-02 04:24:00,1,1,1,126,31
2024-01-02 04:25:00,1,1,1,126,31
2024-01-02 04:26:00,1,1,1,126,31
2024-01-02 04:27:00,1,1,1,126,31
2024-01-02 04:28:00,1,1,1,126,31
2024-01-02 04:29:00,1,1,1,126,31
2024-01-02 04:30:00,1,1,1,126,31
2024-01-02 04:31:00,1,1,1,126,30
2024-01-02 04:32:00,1,1,1,126,30
2024-01-02 04:33:00,1,1,1,126,30
2024-01-02 04:34:00,1,1,1,126,30
2024-01-02 04:35:00,1,1,1,126,30
2024-01-02 04:36:00,1,1,1,126,30
2024-01-02 04:37:00,1,1,1,126,29
2024-01-02 04:38:00,1,1,1,127,29
2024-01-02 04:39:00,1,1,1,127,29
2024-01-02 04:40:00,1,1,1,127,29
2024-01-02 04:41:00,1,1,1,127,29
2024-01-02 04:42:00,1,1,1,127,29
2024-01-02 04:43:00,1,1,1,127,28
2024-01-02 04:44:00,1,1,1,127,28
2024-01-02 04:45:00,1,1,1,127,28
2024-01-02 04:46:00,1,1,1,127,28
2024-01-02 04:47:00,1,1,1,127,28
2024-01-02 04:48:00,1,1,1,127,28
2024-01-02 04:49:00,1,1,1,127,28
2024-01-02 04:50:00,1,1,1,127,27
2024-01-02 04:51:00,1,1,1,127,27
2024-01-02 04:52:00,1,1,1,127,27
2024-01-02 04:53:00,1,1,1,127,27
2024-01-02 04:54:00,1,1,1,127,27
2024-01-02 04:55:00,1,1,1,127,27
2024-01-02 04:56:00,1,1,1,127,26
2024-01-02 04:57:00,1,1,1,127,26
2024-01-02 04:58:00,1,1,1,127,26
2024-01-02 04:59:00,1,1,1,127,26
2024-01-02 05:00:00,1,1,1,127,26
2024-01-02 05:01:00,1,1,1,127,26
2024-01-02 05:02:00,1,1,1,127,25
2024-01-02 05:03:00,1,1,1,127,25
2024-01-02 05:04:00,1,1,1,127,25
2024-01-02 05:05:00,1,1,1,127,25
2024-01-02 05:06:00,1,1,1,128,25
2024-01-02 05:07:00,1,1,1,128,25
2024-01-02 05:08:00,1,1,1,128,24
2024-01-02 05:09:00,1,1,1,128,24
2024-01-02 05:10:00,1,1,1,128,24
2024-01-02 05:11:00,1,1,1,128,24
2024-01-02 05:12:00,1,1,1,128,24
2024-01-02 05:13:00,1,1,1,128,24
2024-01-02 05:14:00,1,1,1,128,24
2024-01-02 05:15:00,1,1,1,128,23
2024-01-02 05:16:00,1,1,1,128,23
2024-01-02 05:17:00,1,1,1,128,23
2024-01-02 05:18:00,1,1,1,128,23
2024-01-02 05:19:00,1,1,1,128,23
2024-01-02 05:20:00,1,1,1,128,23
2024-01-02 05:21:00,1,1,1,128,22
2024-01-02 05:22:00,1,1,1,128,22
2024-01-02 05:23:00,1,1,1,128,22
2024-01-02 05:24:00,1,1,1,128,22
2024-01-02 05:25:00,1,1,1,128,22
2024-01-02 05:26:00,1,1,1,128,22
2024-01-02 05:27:00,1,1,1,128,22
2024-01-02 05:28:00,1,1,1,128,21
2024-01-02 05:29:00,1,1,1,128,21
2024-01-02 05:30:00,1,1,1,128,21
2024-01-02 05:31:00,1,1,1,128,21
2024-01-02 05:32:00,1,1,1,128,21
2024-01-02 05:33:00,1,1,1,128,21
2024-01-02 05:34:00,1,1,1,128,21
2024-01-02 05:35:00,1,1,1,128,20
2024-01-02 05:36:00,1,1,1,128,20
2024-01-02 05:37:00,1,1,1,128,20
2024-01-02 05:38:00,1,1,1,128,20
2024-01-02 05:39:00,1,1,1,128,20
2024-01-02 05:40:00,1,1,1,128,20
2024-01-02 05:41:00,1,1,1,128,20
2024-01-02 05:42:00,1,1,1,128,19
2024-01-02 05:43:00,1,1,1,129,19
2024-01-02 05:44:00,1,1,1,129,19
2024-01-02 05:45:00,1,1,1,129,19
2024-01-02 05:46:00,1,1,1,129,19
2024-01-02 05:47:00,1,1,1,129,19
2024-01-02 05:48:00,1,1,1,129,19
2024-01-02 05:49:00,1,1,1,129,18
2024-01-02 05:50:00,1,1,1,129,18
2024-01-02 05:51:00,1,1,1,129,18
2024-01-02 05:52:00,1,1,1,129,18
2024-01-02 05:53:00,1,1,1,129,18
2024-01-02 05:54:00,1,1,1,129,18
2024-01-02 05:55:00,1,1,1,129,18
2024-01-02 05:56:00,1,1,1,129,18
2024-01-02 05:57:00,1,1,1,129,17
2024-01-02 05:58:00,1,1,1,129,17
2024-01-02 05:59:00,1,1,1,129,17
2024-01-02 06:00:00,1,1,1,129,17
2024-01-02 06:01:00,1,1,1,129,17
2024-01-02 06:02:00,1,1,1,129,17
2024-01-02 06:03:00,1,1,1,129,17
2024-01-02 06:04:00,1,1,0,129,17
2024-01-02 06:05:00,1,1,0,129,16
2024-01-02 06:06:00,1,1,0,129,16
2024-01-02 06:07:00,1,1,0,129,16
2024-01-02 06:08:00,1,1,0,129,16
2024-01-02 06:09:00,1,1,0,129,16
2024-01-02 06:10:00,1,1,0,129,16
2024-01-02 06:11:00,1,1,0,129,16
2024-01-02 06:12:00,1,1,0,129,16
2024-01-02 06:13:00,1,1,0,129,16
2024-01-02 06:14:00,1,1,0,129,16
2024-01-02 06:15:00,1,1,0,129,15
2024-01-02 06:16:00,1,1,0,129,15
2024-01-02 06:17:00,1,1,0,129,15
2024-01-02 06:18:00,1,1,0,129,15
2024-01-02 06:19:00,1,1,0,129,15
2024-01-02 06:20:00,1,1,0,129,15
2024-01-02 06:21:00,1,1,0,129,15
2024-01-02 06:22:00,1,1,0,129,15
2024-01-02 06:23:00,1,1,0,129,15
2024-01-02 06:24:00,1,1,0,129,15
2024-01-02 06:25:00,1,1,0,129,14
2024-01-02 06:26:00,1,1,0,129,14
2024-01-02 06:27:00,1,1,0,129,14
2024-01-02 06:28:00,1,1,0,129,14
2024-01-02 06:29:00,1,1,0,129,14
2024-01-02 06:30:00,1,1,0,129,14
2024-01-02 06:31:00,1,1,0,129,14
2024-01-02 06:32:00,1,1,0,129,14
2024-01-02 06:33:00,1,1,0,129,14
2024-01-02 06:34:00,1,1,0,129,14
2024-01-02 06:35:00,1,1,0,129,14
2024-01-02 06:36:00,1,1,0,129,14
2024-01-02 06:37:00,1,1,0,129,14
2024-01-02 06:38:00,1,1,0,129,13
2024-01-02 06:39:00,1,1,0,129,13
2024-01-02 06:40:00,1,1,0,129,13
2024-01-02 06:41:00,1,1,0,129,13
2024-01-02 06:42:00,1,1,0,129,13
2024-01-02 06:43:00,1,1,0,129,13
2024-01-02 06:44:00,0,0,0,129,13
2024-01-02 06:45:00,0,0,0,129,13
2024-01-02 06:46:00,0,0,0,129,13
2024-01-02 06:47:00,0,0,0,129,13
2024-01-02 06:48:00,0,0,0,129,13
2024-01-02 06:49:00,0,0,0,129,13
2024-01-02 06:50:00,0,0,0,129,13
2024-01-02 06:51:00,0,0,0,129,13
2024-01-02 06:52:00,0,0,0,129,13
2024-01-02 06:53:00,0,0,0,129,13
2024-01-02 06:54:00,0,0,0,129,13
2024-01-02 06:55:00,0,0,0,128,13
2024-01-02 06:56:00,0,0,0,128,13
2024-01-02 06:57:00,0,0,0,128,13
2024-01-02 06:58:00,0,0,0,128,13
2024-01-02 06:59:00,0,0,0,128,12
2024-01-02 07:00:00,0,0,0,128,12
2024-01-02 07:01:00,0,0,0,128,12
2024-01-02 07:02:00,0,0,0,128,12
2024-01-02 07:03:00,0,0,0,128,12
2024-01-02 07:04:00,0,0,0,128,12
2024-01-02 07:05:00,0,0,0,128,12
2024-01-02 07:06:00,0,0,0,128,12
2024-01-02 07:07:00,0,0,0,128,12
2024-01-02 07:08:00,0,0,0,128,12
2024-01-02 07:09:00,0,0,0,128,12
2024-01-02 07:10:00,0,0,0,128,12
2024-01-02 07:11:00,0,0,0,128,12
2024-01-02 07:12:00,0,0,0,128,12
2024-01-02 07:13:00,0,0,0,128,12
2024-01-02 07:14:00,0,0,0,128,12
2024-01-02 07:15:00,0,0,0,128,12
2024-01-02 07:16:00,0,0,0,128,12
2024-01-02 07:17:00,0,0,0,128,12
2024-01-02 07:18:00,0,0,0,128,12
2024-01-02 07:19:00,0,0,0,128,12
2024-01-02 07:20:00,0,0,0,128,12
2024-01-02 07:21:00,0,0,0,128,12
2024-01-02 07:22:00,0,0,0,128,12
2024-01-02 07:23:00,0,0,0,128,12
2024-01-02 07:24:00,0,0,0,127,12
2024-01-02 07:25:00,0,0,0,127,12
2024-01-02 07:26:00,0,0,0,127,12
2024-01-02 07:27:00,0,0,0,127,13
2024-01-02 07:28:00,0,0,0,127,13
2024-01-02 07:29:00,0,0,0,127,13
2024-01-02 07:30:00,0,0,0,127,13
2024-01-02 07:31:00,0,0,0,127,13
2024-01-02 07:32:00,0,0,0,127,13
2024-01-02 07:33:00,0,0,0,127,13
2024-01-02 07:34:00,0,0,0,127,13
2024-01-02 07:35:00,0,0,0,127,13
2024-01-02 07:36:00,0,0,0,127,13
2024-01-02 07:37:00,0,0,0,127,13
2024-01-02 07:38:00,0,0,0,127,13
2024-01-02 07:39:00,0,0,0,127,13
2024-01-02 07:40:00,0,0,0,127,13
2024-01-02 07:41:00,0,0,0,127,13
2024-01-02 07:42:00,0,0,0,127,13
2024-01-02 07:43:00,0,0,0,126,13
2024-01-02 07:44:00,0,0,0,126,13
2024-01-02 07:45:00,0,0,0,126,13
2024-01-02 07:46:00,0,0,0,126,14
2024-01-02 07:47:00,0,0,0,126,14
2024-01-02 07:48:00,0,0,0,126,14
2024-01-02 07:49:00,0,0,0,126,14
2024-01-02 07:50:00,0,0,0,126,14
2024-01-02 07:51:00,0,0,0,126,14
2024-01-02 07:52:00,0,0,0,126,14
2024-01-02 07:53:00,0,0,0,126,14
2024-01-02 07:54:00,0,0,0,126,14
2024-01-02 07:55:00,0,0,0,126,14
2024-01-02 07:56:00,0,0,0,126,14
2024-01-02 07:57:00,0,0,0,126,15
2024-01-02 07:58:00,0,0,0,125,15
2024-01-02 07:59:00,0,0,0,125,15
2024-01-02 08:00:00,0,0,0,125,15
2024-01-02 08:01:00,0,0,0,125,15
2024-01-02 08:02:00,0,0,0,125,15
2024-01-02 08:03:00,0,0,0,125,15
2024-01-02 08:04:00,0,0,0,125,15
2024-01-02 08:05:00,0,0,0,125,15
2024-01-02 08:06:00,0,0,0,125,16
2024-01-02 08:07:00,0,0,0,125,16
2024-01-02 08:08:00,0,0,0,125,16
2024-01-02 08:09:00,0,0,0,125,16
2024-01-02 08:10:00,0,0,0,124,16
2024-01-02 08:11:00,0,0,0,124,16
2024-01-02 08:12:00,0,0,0,124,16
2024-01-02 08:13:00,0,0,0,124,16
2024-01-02 08:14:00,0,0,0,124,17
2024-01-02 08:15:00,0,0,0,124,17
2024-01-02 08:16:00,0,0,0,124,17
2024-01-02 08:17:00,0,0,0,124,17
2024-01-02 08:18:00,0,0,0,124,17
2024-01-02 08:19:00,0,0,0,124,17
2024-01-02 08:20:00,0,0,0,124,17
2024-01-02 08:21:00,0,0,0,124,18
2024-01-02 08:22:00,0,0,0,123,18
2024-01-02 08:23:00,0,0,0,123,18
2024-01-02 08:24:00,0,0,0,123,18
2024-01-02 08:25:00,0,0,0,123,18
2024-01-02 08:26:00,0,0,0,123,18
2024-01-02 08:27:00,0,0,0,123,19
2024-01-02 08:28:00,0,0,0,123,19
2024-01-02 08:29:00,0,0,0,123,19
2024-01-02 08:30:00,0,0,0,123,19
2024-01-02 08:31:00,0,0,0,123,19
2024-01-02 08:32:00,0,0,0,122,20
2024-01-02 08:33:00,0,0,0,122,20
2024-01-02 08:34:00,0,0,0,122,20
2024-01-02 08:35:00,0,0,0,122,20
2024-01-02 08:36:00,0,0,0,122,20
2024-01-02 08:37:00,0,0,0,122,21
2024-01-02 08:38:00,0,0,0,122,21
2024-01-02 08:39:00,0,0,0,122,21
2024-01-02 08:40:00,0,0,0,122,21
2024-01-02 08:41:00,0,0,0,121,21
2024-01-02 08:42:00,0,0,0,121,22
2024-01-02 08:43:00,0,0,0,121,22
2024-01-02 08:44:00,0,0,0,121,22
2024-01-02 08:45:00,0,0,0,121,22
2024-01-02 08:46:00,0,0,0,121,22
2024-01-02 08:47:00,0,0,0,121,23
2024-01-02 08:48:00,0,0,0,121,23
2024-01-02 08:49:00,0,0,0,121,23
2024-01-02 08:50:00,0,0,0,120,23
2024-01-02 08:51:00,0,0,0,120,24
2024-01-02 08:52:00,0,0,0,120,24
2024-01-02 08:53:00,0,0,0,120,24
2024-01-02 08:54:00,0,0,0,120,24
2024-01-02 08:55:00,0,0,0,120,24
2024-01-02 08:56:00,0,0,0,120,25
2024-01-02 08:57:00,0,0,0,120,25
2024-01-02 08:58:00,0,0,0,119,25
2024-01-02 08:59:00,0,0,0,119,25
2024-01-02 09:00:00,0,0,0,119,26
2024-01-02 09:01:00,0,0,0,119,26
2024-01-02 09:02:00,0,0,0,119,26
2024-01-02 09:03:00,0,0,0,119,27
2024-01-02 09:04:00,0,0,0,119,27
2024-01-02 09:05:00,0,0,0,119,27
2024-01-02 09:06:00,0,0,0,118,27
2024-01-02 09:07:00,0,0,0,118,28
2024-01-02 09:08:00,0,0,0,118,28
2024-01-02 09:09:00,0,0,0,118,28
2024-01-02 09:10:00,0,0,0,118,28
2024-01-02 09:11:00,0,0,0,118,29
2024-01-02 09:12:00,0,0,0,118,29
2024-01-02 09:13:00,0,0,0,117,29
2024-01-02 09:14:00,0,0,0,117,30
2024-01-02 09:15:00,0,0,0,117,30
2024-01-02 09:16:00,0,0,0,117,30
2024-01-02 09:17:00,0,0,0,117,30
2024-01-02 09:18:00,0,0,0,117,31
2024-01-02 09:19:00,0,0,0,117,31
2024-01-02 09:20:00,0,0,0,117,31
2024-01-02 09:21:00,0,0,0,116,32
2024-01-02 09:22:00,0,0,0,116,32
2024-01-02 09:23:00,0,0,0,116,32
2024-01-02 09:24:00,0,0,0,116,32
2024-01-02 09:25:00,0,0,0,116,33
2024-01-02 09:26:00,0,0,0,116,33
2024-01-02 09:27:00,0,0,0,116,33
2024-01-02 09:28:00,0,0,0,115,34
2024-01-02 09:29:00,0,0,0,115,34
2024-01-02 09:30:00,0,0,0,115,34
2024-01-02 09:31:00,0,0,0,115,35
2024-01-02 09:32:00,0,0,0,115,35
2024-01-02 09:33:00,0,0,0,115,35
2024-01-02 09:34:00,0,0,0,114,36
2024-01-02 09:35:00,0,0,0,114,36
2024-01-02 09:36:00,0,0,0,114,36
2024-01-02 09:37:00,0,0,0,114,37
2024-01-02 09:38:00,0,0,0,114,37
2024-01-02 09:39:00,0,0,0,114,37
2024-01-02 09:40:00,0,0,0,114,38
2024-01-02 09:41:00,0,0,0,113,38
2024-01-02 09:42:00,0,0,0,113,38
2024-01-02 09:43:00,0,0,0,113,39
2024-01-02 09:44:00,0,0,0,113,39
2024-01-02 09:45:00,0,0,0,113,39
2024-01-02 09:46:00,0,0,0,113,40
2024-01-02 09:47:00,0,0,0,112,40
2024-01-02 09:48:00,0,0,0,112,40
2024-01-02 09:49:00,0,0,0,112,41
2024-01-02 09:50:00,0,0,0,112,41
2024-01-02 09:51:00,0,0,0,112,41
2024-01-02 09:52:00,0,0,0,112,42
2024-01-02 09:53:00,0,0,0,111,42
2024-01-02 09:54:00,0,0,0,111,43
2024-01-02 09:55:00,0,0,0,111,43
2024-01-02 09:56:00,0,0,0,111,43
2024-01-02 09:57:00,0,0,0,111,44
2024-01-02 09:58:00,0,0,0,111,44
2024-01-02 09:59:00,0,0,0,110,44
2024-01-02 10:00:00,0,0,0,110,45
2024-01-02 10:01:00,0,0,0,110,45
2024-01-02 10:02:00,0,0,0,110,46
2024-01-02 10:03:00,0,0,0,110,46
2024-01-02 10:04:00,0,0,0,110,46
2024-01-02 10:05:00,0,0,0,109,47
2024-01-02 10:06:00,0,0,0,109,47
2024-01-02 10:07:00,0,0,0,109,47
2024-01-02 10:08:00,0,0,0,109,48
2024-01-02 10:09:00,0,0,0,109,48
2024-01-02 10:10:00,0,0,0,109,49
2024-01-02 10:11:00,0,0,0,108,49
2024-01-02 10:12:00,0,0,0,108,49
2024-01-02 10:13:00,0,0,0,108,50
2024-01-02 10:14:00,0,0,0,108,50
2024-01-02 10:15:00,0,0,0,108,51
2024-01-02 10:16:00,0,0,0,107,51
2024-01-02 10:17:00,0,0,0,107,51
2024-01-02 10:18:00,0,0,0,107,52
2024-01-02 10:19:00,0,0,0,107,52
2024-01-02 10:20:00,0,0,0,107,53
2024-01-02 10:21:00,0,0,0,107,53
2024-01-02 10:22:00,0,0,0,106,53
2024-01-02 10:23:00,0,0,0,106,54
2024-01-02 10:24:00,0,0,0,106,54
2024-01-02 10:25:00,0,0,0,106,55
2024-01-02 10:26:00,0,0,0,106,55
2024-01-02 10:27:00,0,0,0,105,55
2024-01-02 10:28:00,0,0,0,105,56
2024-01-02 10:29:00,0,0,0,105,56
2024-01-02 10:30:00,0,0,0,105,57
2024-01-02 10:31:00,0,0,0,105,57
2024-01-02 10:32:00,0,0,0,105,57
2024-01-02 10:33:00,0,0,0,104,58
2024-01-02 10:34:00,0,0,0,104,58
2024-01-02 10:35:00,0,0,0,104,59
2024-01-02 10:36:00,0,0,0,104,59
2024-01-02 10:37:00,0,0,0,104,60
2024-01-02 10:38:00,0,0,0,103,60
2024-01-02 10:39:00,0,0,0,103,60
2024-01-02 10:40:00,0,0,0,103,61
2024-01-02 10:41:00,0,0,0,103,61
2024-01-02 10:42:00,0,0,0,103,62
2024-01-02 10:43:00,0,0,0,103,62
2024-01-02 10:44:00,0,0,0,102,63
2024-01-02 10:45:00,0,0,0,102,63
2024-01-02 10:46:00,0,0,0,102,63
2024-01-02 10:47:00,0,0,0,102,64
2024-01-02 10:48:00,0,0,0,102,64
2024-01-02 10:49:00,0,0,0,101,65
2024-01-02 10:50:00,0,0,0,101,65
2024-01-02 10:51:00,0,0,0,101,66
2024-01-02 10:52:00,0,0,0,101,66
2024-01-02 10:53:00,0,0,0,101,66
2024-01-02 10:54:00,0,0,0,100,67
2024-01-02 10:55:00,0,0,0,100,67
2024-01-02 10:56:00,0,0,0,100,68
2024-01-02 10:57:00,0,0,0,100,68
2024-01-02 10:58:00,0,0,0,100,69
2024-01-02 10:59:00,0,0,0,99,69
2024-01-02 11:00:00,0,0,0,99,69
2024-01-02 11:01:00,0,0,0,99,70
2024-01-02 11:02:00,0,0,0,99,70
2024-01-02 11:03:00,0,0,0,99,71
2024-01-02 11:04:00,0,0,0,98,71
2024-01-02 11:05:00,0,0,0,98,72
2024-01-02 11:06:00,0,0,0,98,72
2024-01-02 11:07:00,0,0,0,98,73
2024-01-02 11:08:00,0,0,0,98,73
2024-01-02 11:09:00,0,0,0,97,73
2024-01-02 11:10:00,0,0,0,97,74
2024-01-02 11:11:00,0,0,0,97,74
2024-01-02 11:12:00,0,0,0,97,75
2024-01-02 11:13:00,0,0,0,97,75
2024-01-02 11:14:00,0,0,0,96,76
2024-01-02 11:15:00,0,0,0,96,76
2024-01-02 11:16:00,0,0,0,96,77
2024-01-02 11:17:00,0,0,0,96,77
2024-01-02 11:18:00,0,0,0,96,77
2024-01-02 11:19:00,0,0,0,95,78
2024-01-02 11:20:00,0,0,0,95,78
2024-01-02 11:21:00,0,0,0,95,79
2024-01-02 11:22:00,0,0,0,95,79
2024-01-02 11:23:00,0,0,0,95,80
2024-01-02 11:24:00,0,0,0,94,80
2024-01-02 11:25:00,0,0,0,94,81
2024-01-02 11:26:00,0,0,0,94,81
2024-01-02 11:27:00,0,0,0,94,81
2024-01-02 11:28:00,0,0,0,94,82
2024-01-02 11:29:00,0,0,0,93,82
2024-01-02 11:30:00,0,0,0,93,83
2024-01-02 11:31:00,0,0,0,93,83
2024-01-02 11:32:00,0,0,0,93,84
2024-01-02 11:33:00,0,0,0,93,84
2024-01-02 11:34:00,0,0,0,92,85
2024-01-02 11:35:00,0,0,0,92,85
2024-01-02 11:36:00,0,0,0,92,85
2024-01-02 11:37:00,0,0,0,92,86
2024-01-02 11:38:00,0,0,0,92,86
2024-01-02 11:39:00,0,0,0,91,87
2024-01-02 11:40:00,0,0,0,91,87
2024-01-02 11:41:00,0,0,0,91,88
2024-01-02 11:42:00,0,0,0,91,88
2024-01-02 11:43:00,0,0,0,91,88
2024-01-02 11:44:00,0,0,0,90,89
2024-01-02 11:45:00,0,0,0,90,89
2024-01-02 11:46:00,0,0,0,90,90
2024-01-02 11:47:00,0,0,0,90,90
2024-01-02 11:48:00,0,0,0,90,91
2024-01-02 11:49:00,0,0,0,89,91
2024-01-02 11:50:00,0,0,0,89,92
2024-01-02 11:51:00,0,0,0,89,92
2024-01-02 11:52:00,0,0,0,89,92
2024-01-02 11:53:00,0,0,0,89,93
2024-01-02 11:54:00,0,0,0,88,93
2024-01-02 11:55:00,0,0,0,88,94
2024-01-02 11:56:00,0,0,0,88,94
2024-01-02 11:57:00,0,0,0,88,95
2024-01-02 11:58:00,0,0,0,88,95
2024-01-02 11:59:00,0,0,0,87,95
2024-01-02 12:00:00,0,0,0,87,96
2024-01-02 12:01:00,0,0,0,87,96
2024-01-02 12:02:00,0,0,0,87,97
2024-01-02 12:03:00,0,0,0,87,97
2024-01-02 12:04:00,0,0,0,86,98
2024-01-02 12:05:00,0,0,0,86,98
2024-01-02 12:06:00,0,0,0,86,98
2024-01-02 12:07:00,0,0,0,86,99
2024-01-02 12:08:00,0,0,0,86,99
2024-01-02 12:09:00,0,0,0,86,100
2024-01-02 12:10:00,0,0,0,85,100
2024-01-02 12:11:00,0,0,0,85,100
2024-01-02 12:12:00,0,0,0,85,101
2024-01-02 12:13:00,0,0,0,85,101
2024-01-02 12:14:00,0,0,0,85,102
2024-01-02 12:15:00,0,0,0,84,102
2024-01-02 12:16:00,0,0,0,84,102
2024-01-02 12:17:00,0,0,0,84,103
2024-01-02 12:18:00,0,0,0,84,103
2024-01-02 12:19:00,0,0,0,84,104
2024-01-02 12:20:00,0,0,0,83,104
2024-01-02 12:21:00,0,0,0,83,105
2024-01-02 12:22:00,0,0,0,83,105
2024-01-02 12:23:00,0,0,0,83,105
2024-01-02 12:24:00,0,0,0,83,106
2024-01-02 12:25:00,0,0,0,82,106
2024-01-02 12:26:00,0,0,0,82,107
2024-01-02 12:27:00,0,0,0,82,107
2024-01-02 12:28:00,0,0,0,82,107
2024-01-02 12:29:00,0,0,0,82,108
2024-01-02 12:30:00,0,0,0,81,108
2024-01-02 12:31:00,0,0,0,81,108
2024-01-02 12:32:00,0,0,0,81,109
2024-01-02 12:33:00,0,0,0,81,109
2024-01-02 12:34:00,0,0,0,81,110
2024-01-02 12:35:00,0,0,0,81,110
2024-01-02 12:36:00,0,0,0,80,110
2024-01-02 12:37:00,0,0,0,80,111
2024-01-02 12:38:00,0,0,0,80,111
2024-01-02 12:39:00,0,0,0,80,112
2024-01-02 12:40:00,0,0,0,80,112
2024-01-02 12:41:00,0,0,0,79,112
2024-01-02 12:42:00,0,0,0,79,113
2024-01-02 12:43:00,0,0,0,79,113
2024-01-02 12:44:00,0,0,0,79,113
2024-01-02 12:45:00,0,0,0,79,114
2024-01-02 12:46:00,0,0,0,78,114
2024-01-02 12:47:00,0,0,0,78,114
2024-01-02 12:48:00,0,0,0,78,115
2024-01-02 12:49:00,0,0,0,78,115
2024-01-02 12:50:00,0,0,0,78,116
2024-01-02 12:51:00,0,0,0,78,116
2024-01-02 12:52:00,0,0,0,77,116
2024-01-02 12:53:00,0,0,0,77,117
2024-01-02 12:54:00,0,0,0,77,117
2024-01-02 12:55:00,0,0,0,77,117
2024-01-02 12:56:00,0,0,0,77,118
2024-01-02 12:57:00,0,0,0,76,118
2024-01-02 12:58:00,0,0,0,76,118
2024-01-02 12:59:00,0,0,0,76,119
2024-01-02 13:00:00,0,0,0,76,119
2024-01-02 13:01:00,0,0,0,76,119
2024-01-02 13:02:00,0,0,0,76,120
2024-01-02 13:03:00,0,0,0,75,120
2024-01-02 13:04:00,0,0,0,75,120
2024-01-02 13:05:00,0,0,0,75,121
2024-01-02 13:06:00,0,0,0,75,121
2024-01-02 13:07:00,0,0,0,75,121
2024-01-02 13:08:00,0,0,0,75,122
2024-01-02 13:09:00,0,0,0,74,122
2024-01-02 13:10:00,0,0,0,74,122
2024-01-02 13:11:00,0,0,0,74,122
2024-01-02 13:12:00,0,0,0,74,123
2024-01-02 13:13:00,0,0,0,74,123
2024-01-02 13:14:00,0,0,0,74,123
2024-01-02 13:15:00,0,0,0,73,124
2024-01-02 13:16:00,0,0,0,73,124
2024-01-02 13:17:00,0,0,0,73,124
2024-01-02 13:18:00,0,0,0,73,125
2024-01-02 13:19:00,0,0,0,73,125
2024-01-02 13:20:00,0,0,0,73,125
2024-01-02 13:21:00,0,0,0,72,125
2024-01-02 13:22:00,0,0,0,72,126
2024-01-02 13:23:00,0,0,0,72,126
2024-01-02 13:24:00,0,0,0,72,126
2024-01-02 13:25:00,0,0,0,72,127
2024-01-02 13:26:00,0,0,0,72,127
2024-01-02 13:27:00,0,0,0,72,127
2024-01-02 13:28:00,0,0,0,71,127
2024-01-02 13:29:00,0,0,0,71,128
2024-01-02 13:30:00,0,0,0,71,128
2024-01-02 13:31:00,0,0,0,71,128
2024-01-02 13:32:00,0,0,0,71,128
2024-01-02 13:33:00,0,0,0,71,129
2024-01-02 13:34:00,0,0,0,70,129
2024-01-02 13:35:00,0,0,0,70,129
2024-01-02 13:36:00,0,0,0,70,129
2024-01-02 13:37:00,0,0,0,70,130
2024-01-02 13:38:00,0,0,0,70,130
2024-01-02 13:39:00,0,0,0,70,130
2024-01-02 13:40:00,0,0,0,70,130
2024-01-02 13:41:00,0,0,0,69,131
2024-01-02 13:42:00,0,0,0,69,131
2024-01-02 13:43:00,0,0,0,69,131
2024-01-02 13:44:00,0,0,0,69,131
2024-01-02 13:45:00,0,0,0,69,132
2024-01-02 13:46:00,0,0,0,69,132
2024-01-02 13:47:00,0,0,0,69,132
2024-01-02 13:48:00,0,0,0,69,132
2024-01-02 13:49:00,0,0,0,68,132
2024-01-02 13:50:00,0,0,0,68,133
2024-01-02 13:51:00,0,0,0,68,133
2024-01-02 13:52:00,0,0,0,68,133
2024-01-02 13:53:00,0,0,0,68,133
2024-01-02 13:54:00,0,0,0,68,133
2024-01-02 13:55:00,0,0,0,68,134
2024-01-02 13:56:00,0,0,0,67,134
2024-01-02 13:57:00,0,0,0,67,134
2024-01-02 13:58:00,0,0,0,67,134
2024-01-02 13:59:00,0,0,0,67,134
2024-01-02 14:00:00,0,0,0,67,135
2024-01-02 14:01:00,0,0,0,67,135
2024-01-02 14:02:00,0,0,0,67,135
2024-01-02 14:03:00,0,0,0,67,135
2024-01-02 14:04:00,0,0,0,66,135
2024-01-02 14:05:00,0,0,0,66,135
2024-01-02 14:06:00,0,0,0,66,136
2024-01-02 14:07:00,0,0,0,66,136
2024-01-02 14:08:00,0,0,0,66,136
2024-01-02 14:09:00,0,0,0,66,136
2024-01-02 14:10:00,0,0,0,66,136
2024-01-02 14:11:00,0,0,0,66,136
2024-01-02 14:12:00,0,0,0,66,136
2024-01-02 14:13:00,0,0,0,65,137
2024-01-02 14:14:00,0,0,0,65,137
2024-01-02 14:15:00,0,0,0,65,137
2024-01-02 14:16:00,0,0,0,65,137
2024-01-02 14:17:00,0,0,0,65,137
2024-01-02 14:18:00,0,0,0,65,137
2024-01-02 14:19:00,0,0,0,65,137
2024-01-02 14:20:00,0,0,0,65,137
2024-01-02 14:21:00,0,0,0,65,138
2024-01-02 14:22:00,0,0,0,65,138
2024-01-02 14:23:00,0,0,0,64,138
2024-01-02 14:24:00,0,0,0,64,138
2024-01-02 14:25:00,0,0,0,64,138
2024-01-02 14:26:00,0,0,0,64,138
2024-01-02 14:27:00,0,0,0,64,138
2024-01-02 14:28:00,0,0,0,64,138
2024-01-02 14:29:00,0,0,0,64,138
2024-01-02 14:30:00,0,0,0,64,138
2024-01-02 14:31:00,0,0,0,64,139
2024-01-02 14:32:00,0,0,0,64,139
2024-01-02 14:33:00,0,0,0,64,139
2024-01-02 14:34:00,0,0,0,64,139
2024-01-02 14:35:00,0,0,0,63,139
2024-01-02 14:36:00,0,0,0,63,139
2024-01-02 14:37:00,0,0,0,63,139
2024-01-02 14:38:00,0,0,0,63,139
2024-01-02 14:39:00,0,0,0,63,139
2024-01-02 14:40:00,0,0,0,63,139
2024-01-02 14:41:00,0,0,0,63,139
2024-01-02 14:42:00,0,0,0,63,139
2024-01-02 14:43:00,0,0,0,63,139
2024-01-02 14:44:00,0,0,0,63,139
2024-01-02 14:45:00,0,0,0,63,139
2024-01-02 14:46:00,0,0,0,63,139
2024-01-02 14:47:00,0,0,0,63,139
2024-01-02 14:48:00,0,0,0,63,139
2024-01-02 14:49:00,0,0,0,62,139
2024-01-02 14:50:00,0,0,0,62,139
2024-01-02 14:51:00,0,0,0,62,139
2024-01-02 14:52:00,0,0,0,62,139
2024-01-02 14:53:00,0,0,0,62,139
2024-01-02 14:54:00,0,0,0,62,139
2024-01-02 14:55:00,0,0,0,62,139
2024-01-02 14:56:00,0,0,0,62,140
2024-01-02 14:57:00,0,0,0,62,139
2024-01-02 14:58:00,0,0,0,62,139
2024-01-02 14:59:00,0,0,0,62,139
2024-01-02 15:00:00,0,0,0,62,139
2024-01-02 15:01:00,0,0,0,62,139
2024-01-02 15:02:00,0,0,0,62,139
2024-01-02 15:03:00,0,0,0,62,139
2024-01-02 15:04:00,0,0,0,62,139
2024-01-02 15:05:00,0,0,0,62,139
2024-01-02 15:06:00,0,0,0,62,139
2024-01-02 15:07:00,0,0,0,62,139
2024-01-02 15:08:00,0,0,0,62,139
2024-01-02 15:09:00,0,0,0,62,139
2024-01-02 15:10:00,0,0,0,61,139
2024-01-02 15:11:00,0,0,0,61,139
2024-01-02 15:12:00,0,0,0,61,139
2024-01-02 15:13:00,0,0,0,61,139
2024-01-02 15:14:00,0,0,0,61,139
2024-01-02 15:15:00,0,0,0,61,139
2024-01-02 15:16:00,0,0,0,61,139
2024-01-02 15:17:00,0,0,0,61,139
2024-01-02 15:18:00,1,1,0,61,139
2024-01-02 15:19:00,1,1,0,61,139
2024-01-02 15:20:00,1,1,0,61,139
2024-01-02 15:21:00,1,1,0,61,138
2024-01-02 15:22:00,1,1,0,61,138
2024-01-02 15:23:00,1,1,0,61,138
2024-01-02 15:24:00,1,1,0,61,138
2024-01-02 15:25:00,1,1,0,61,138
2024-01-02 15:26:00,1,1,0,61,138
2024-01-02 15:27:00,1,1,0,61,138
2024-01-02 15:28:00,1,1,0,61,138
2024-01-02 15:29:00,1,1,0,61,138
2024-01-02 15:30:00,1,1,0,61,138
2024-01-02 15:31:00,1,1,0,61,137
2024-01-02 15:32:00,1,1,0,61,137
2024-01-02 15:33:00,1,1,0,61,137
2024-01-02 15:34:00,1,1,0,61,137
2024-01-02 15:35:00,1,1,0,61,137
2024-01-02 15:36:00,1,1,0,61,137
2024-01-02 15:37:00,1,1,0,61,137
2024-01-02 15:38:00,1,1,0,61,137
2024-01-02 15:39:00,1,1,0,61,136
2024-01-02 15:40:00,1,1,0,61,136
2024-01-02 15:41:00,1,1,0,61,136
2024-01-02 15:42:00,1,1,0,61,136
2024-01-02 15:43:00,1,1,0,61,136
2024-01-02 15:44:00,1,1,0,61,136
2024-01-02 15:45:00,1,1,0,61,136
2024-01-02 15:46:00,1,1,0,61,135
2024-01-02 15:47:00,1,1,0,61,135
2024-01-02 15:48:00,1,1,0,61,135
2024-01-02 15:49:00,1,1,0,61,135
2024-01-02 15:50:00,1,1,0,61,135
2024-01-02 15:51:00,1,1,0,62,135
2024-01-02 15:52:00,1,1,0,62,134
2024-01-02 15:53:00,1,1,0,62,134
2024-01-02 15:54:00,1,1,0,62,134
2024-01-02 15:55:00,1,1,1,62,134
2024-01-02 15:56:00,1,1,1,62,134
2024-01-02 15:57:00,1,1,1,62,133
2024-01-02 15:58:00,1,1,1,62,133
2024-01-02 15:59:00,1,1,1,62,133
2024-01-02 16:00:00,1,1,1,62,133
2024-01-02 16:01:00,1,1,1,62,133
2024-01-02 16:02:00,1,1,1,62,132
2024-01-02 16:03:00,1,1,1,62,132
2024-01-02 16:04:00,1,1,1,62,132
2024-01-02 16:05:00,1,1,1,62,132
2024-01-02 16:06:00,1,1,1,62,132
2024-01-02 16:07:00,1,1,1,62,131
2024-01-02 16:08:00,1,1,1,62,131
2024-01-02 16:09:00,1,1,1,62,131
2024-01-02 16:10:00,1,1,1,62,131
2024-01-02 16:11:00,1,1,1,62,130
2024-01-02 16:12:00,1,1,1,63,130
2024-01-02 16:13:00,1,1,1,63,130
2024-01-02 16:14:00,1,1,1,63,130
2024-01-02 16:15:00,1,1,1,63,130
2024-01-02 16:16:00,1,1,1,63,129
2024-01-02 16:17:00,1,1,1,63,129
2024-01-02 16:18:00,1,1,1,63,129
2024-01-02 16:19:00,1,1,1,63,129
2024-01-02 16:20:00,1,1,1,63,128
2024-01-02 16:21:00,1,1,1,63,128
2024-01-02 16:22:00,1,1,1,63,128
2024-01-02 16:23:00,1,1,1,63,128
2024-01-02 16:24:00,1,1,1,63,127
2024-01-02 16:25:00,1,1,1,64,127
2024-01-02 16:26:00,1,1,1,64,127
2024-01-02 16:27:00,1,1,1,64,126
2024-01-02 16:28:00,1,1,1,64,126
2024-01-02 16:29:00,1,1,1,64,126
2024-01-02 16:30:00,1,1,1,64,126
2024-01-02 16:31:00,1,1,1,64,125
2024-01-02 16:32:00,1,1,1,64,125
2024-01-02 16:33:00,1,1,1,64,125
2024-01-02 16:34:00,1,1,1,64,124
2024-01-02 16:35:00,1,1,1,65,124
2024-01-02 16:36:00,1,1,1,65,124
2024-01-02 16:37:00,1,1,1,65,124
2024-01-02 16:38:00,1,1,1,65,123
2024-01-02 16:39:00,1,1,1,65,123
2024-01-02 16:40:00,1,1,1,65,123
2024-01-02 16:41:00,1,1,1,65,122
2024-01-02 16:42:00,1,1,1,65,122
2024-01-02 16:43:00,1,1,1,65,122
2024-01-02 16:44:00,1,1,1,66,121
2024-01-02 16:45:00,1,1,1,66,121
2024-01-02 16:46:00,1,1,1,66,121
2024-01-02 16:47:00,1,1,1,66,120
2024-01-02 16:48:00,1,1,1,66,120
2024-01-02 16:49:00,1,1,1,66,120
2024-01-02 16:50:00,1,1,1,66,119
2024-01-02 16:51:00,1,1,1,66,119
2024-01-02 16:52:00,1,1,1,67,119
2024-01-02 16:53:00,1,1,1,67,118
2024-01-02 16:54:00,1,1,1,67,118
2024-01-02 16:55:00,1,1,1,67,118
2024-01-02 16:56:00,1,1,1,67,117
2024-01-02 16:57:00,1,1,1,67,117
2024-01-02 16:58:00,1,1,1,67,117
2024-01-02 16:59:00,1,1,1,68,116
2024-01-02 17:00:00,1,1,1,68,116
2024-01-02 17:01:00,1,1,1,68,116
2024-01-02 17:02:00,1,1,1,68,115
2024-01-02 17:03:00,1,1,1,68,115
2024-01-02 17:04:00,1,1,1,68,115
2024-01-02 17:05:00,1,1,1,68,114
2024-01-02 17:06:00,1,1,1,69,114
2024-01-02 17:07:00,1,1,1,69,114
2024-01-02 17:08:00,1,1,1,69,113
2024-01-02 17:09:00,1,1,1,69,113
2024-01-02 17:10:00,1,1,1,69,113
2024-01-02 17:11:00,1,1,1,69,112
2024-01-02 17:12:00,1,1,1,70,112
2024-01-02 17:13:00,1,1,1,70,111
2024-01-02 17:14:00,1,1,1,70,111
2024-01-02 17:15:00,1,1,1,70,111
2024-01-02 17:16:00,1,1,1,70,110
2024-01-02 17:17:00,1,1,1,70,110
2024-01-02 17:18:00,1,1,1,71,110
2024-01-02 17:19:00,1,1,1,71,109
2024-01-02 17:20:00,1,1,1,71,109
2024-01-02 17:21:00,1,1,1,71,108
2024-01-02 17:22:00,1,1,1,71,108
2024-01-02 17:23:00,1,1,1,72,108
2024-01-02 17:24:00,1,1,1,72,107
2024-01-02 17:25:00,1,1,1,72,107
2024-01-02 17:26:00,1,1,1,72,106
2024-01-02 17:27:00,1,1,1,72,106
2024-01-02 17:28:00,1,1,1,73,106
2024-01-02 17:29:00,1,1,1,73,105
2024-01-02 17:30:00,1,1,1,73,105
2024-01-02 17:31:00,1,1,1,73,104
2024-01-02 17:32:00,1,1,1,73,104
2024-01-02 17:33:00,1,1,1,73,104
2024-01-02 17:34:00,1,1,1,74,103
2024-01-02 17:35:00,1,1,1,74,103
2024-01-02 17:36:00,1,1,1,74,102
2024-01-02 17:37:00,1,1,1,74,102
2024-01-02 17:38:00,1,1,1,75,102
2024-01-02 17:39:00,1,1,1,75,101
2024-01-02 17:40:00,1,1,1,75,101
2024-01-02 17:41:00,1,1,1,75,100
2024-01-02 17:42:00,1,1,1,75,100
2024-01-02 17:43:00,1,1,1,76,100
2024-01-02 17:44:00,1,1,1,76,99
2024-01-02 17:45:00,1,1,1,76,99
2024-01-02 17:46:00,1,1,1,76,98
2024-01-02 17:47:00,1,1,1,76,98
2024-01-02 17:48:00,1,1,1,77,97
2024-01-02 17:49:00,1,1,1,77,97
2024-01-02 17:50:00,1,1,1,77,97
2024-01-02 17:51:00,1,1,1,77,96
2024-01-02 17:52:00,1,1,1,78,96
2024-01-02 17:53:00,1,1,1,78,95
2024-01-02 17:54:00,1,1,1,78,95
2024-01-02 17:55:00,1,1,1,78,94
2024-01-02 17:56:00,1,1,1,79,94
2024-01-02 17:57:00,1,1,1,79,94
2024-01-02 17:58:00,1,1,1,79,93
2024-01-02 17:59:00,1,1,1,79,93
2024-01-02 18:00:00,1,1,1,80,92
2024-01-02 18:01:00,1,1,1,80,92
2024-01-02 18:02:00,1,1,1,80,91
2024-01-02 18:03:00,1,1,1,80,91
2024-01-02 18:04:00,1,1,1,81,91
2024-01-02 18:05:00,1,1,1,81,90
2024-01-02 18:06:00,1,1,1,81,90
2024-01-02 18:07:00,1,1,1,81,89
2024-01-02 18:08:00,1,1,1,82,89
2024-01-02 18:09:00,1,1,1,82,88
2024-01-02 18:10:00,1,1,1,82,88
2024-01-02 18:11:00,1,1,1,82,88
2024-01-02 18:12:00,1,1,1,83,87
2024-01-02 18:13:00,1,1,1,83,87
2024-01-02 18:14:00,1,1,1,83,86
2024-01-02 18:15:00,1,1,1,83,86
2024-01-02 18:16:00,1,1,1,84,85
2024-01-02 18:17:00,1,1,1,84,85
2024-01-02 18:18:00,1,1,1,84,84
2024-01-02 18:19:00,1,1,1,84,84
2024-01-02 18:20:00,1,1,1,85,84
2024-01-02 18:21:00,1,1,1,85,83
2024-01-02 18:22:00,1,1,1,85,83
2024-01-02 18:23:00,1,1,1,86,82
2024-01-02 18:24:00,1,1,1,86,82
2024-01-02 18:25:00,1,1,1,86,81
2024-01-02 18:26:00,1,1,1,86,81
2024-01-02 18:27:00,1,1,1,87,80
2024-01-02 18:28:00,1,1,1,87,80
2024-01-02 18:29:00,1,1,1,87,80
2024-01-02 18:30:00,1,1,1,87,79
2024-01-02 18:31:00,1,1,1,88,79
2024-01-02 18:32:00,1,1,1,88,78
2024-01-02 18:33:00,1,1,1,88,78
2024-01-02 18:34:00,1,1,1,89,77
2024-01-02 18:35:00,1,1,1,89,77
2024-01-02 18:36:00,1,1,1,89,76
2024-01-02 18:37:00,1,1,1,90,76
2024-01-02 18:38:00,1,1,1,90,76
2024-01-02 18:39:00,1,1,1,90,75
2024-01-02 18:40:00,1,1,1,90,75
2024-01-02 18:41:00,1,1,1,91,74
2024-01-02 18:42:00,1,1,1,91,74
2024-01-02 18:43:00,1,1,1,91,73
2024-01-02 18:44:00,1,1,1,92,73
2024-01-02 18:45:00,1,1,1,92,72
2024-01-02 18:46:00,1,1,1,92,72
2024-01-02 18:47:00,1,1,1,93,72
2024-01-02 18:48:00,1,1,1,93,71
2024-01-02 18:49:00,1,1,1,93,71
2024-01-02 18:50:00,1,1,1,93,70
2024-01-02 18:51:00,1,1,1,94,70
2024-01-02 18:52:00,1,1,1,94,69
2024-01-02 18:53:00,1,1,1,94,69
2024-01-02 18:54:00,1,1,1,95,68
2024-01-02 18:55:00,1,1,1,95,68
2024-01-02 18:56:00,1,1,1,95,68
2024-01-02 18:57:00,1,1,1,96,67
2024-01-02 18:58:00,1,1,1,96,67
2024-01-02 18:59:00,1,1,1,96,66
2024-01-02 19:00:00,1,1,1,97,66
2024-01-02 19:01:00,1,1,1,97,65
2024-01-02 19:02:00,1,1,1,97,65
2024-01-02 19:03:00,1,1,1,98,64
2024-01-02 19:04:00,1,1,1,98,64
2024-01-02 19:05:00,1,1,1,98,64
2024-01-02 19:06:00,1,1,1,99,63
2024-01-02 19:07:00,1,1,1,99,63
2024-01-02 19:08:00,1,1,1,99,62
2024-01-02 19:09:00,1,1,1,100,62
2024-01-02 19:10:00,1,1,1,100,61
2024-01-02 19:11:00,1,1,1,100,61
2024-01-02 19:12:00,1,1,1,101,61
2024-01-02 19:13:00,1,1,1,101,60
2024-01-02 19:14:00,1,1,1,101,60
2024-01-02 19:15:00,1,1,1,102,59
2024-01-02 19:16:00,1,1,1,102,59
2024-01-02 19:17:00,1,1,1,102,58
2024-01-02 19:18:00,1,1,1,103,58
2024-01-02 19:19:00,1,1,1,103,58
2024-01-02 19:20:00,1,1,1,103,57
2024-01-02 19:21:00,1,1,1,104,57
2024-01-02 19:22:00,1,1,1,104,56
2024-01-02 19:23:00,1,1,1,104,56
2024-01-02 19:24:00,1,1,1,105,55
2024-01-02 19:25:00,1,1,1,105,55
2024-01-02 19:26:00,1,1,1,105,55
2024-01-02 19:27:00,1,1,1,106,54
2024-01-02 19:28:00,1,1,1,106,54
2024-01-02 19:29:00,1,1,1,106,53
2024-01-02 19:30:00,1,1,1,107,53
2024-01-02 19:31:00,1,1,1,107,52
2024-01-02 19:32:00,1,1,1,108,52
2024-01-02 19:33:00,1,1,1,108,52
2024-01-02 19:34:00,1,1,1,108,51
2024-01-02 19:35:00,1,1,1,109,51
2024-01-02 19:36:00,1,1,1,109,50
2024-01-02 19:37:00,1,1,1,109,50
2024-01-02 19:38:00,1,1,1,110,50
2024-01-02 19:39:00,1,1,1,110,49
2024-01-02 19:40:00,1,1,1,110,49
2024-01-02 19:41:00,1,1,1,111,48
2024-01-02 19:42:00,1,1,1,111,48
2024-01-02 19:43:00,1,1,1,111,48
2024-01-02 19:44:00,1,1,1,112,47
2024-01-02 19:45:00,1,1,1,112,47
2024-01-02 19:46:00,1,1,1,113,46
2024-01-02 19:47:00,1,1,1,113,46
2024-01-02 19:48:00,1,1,1,113,46
2024-01-02 19:49:00,1,1,1,114,45
2024-01-02 19:50:00,1,1,1,114,45
2024-01-02 19:51:00,1,1,1,114,44
2024-01-02 19:52:00,1,1,1,115,44
2024-01-02 19:53:00,1,1,1,115,44
2024-01-02 19:54:00,1,1,1,116,43
2024-01-02 19:55:00,1,1,1,116,43
2024-01-02 19:56:00,1,1,1,116,42
2024-01-02 19:57:00,1,1,1,117,42
2024-01-02 19:58:00,1,1,1,117,42
2024-01-02 19:59:00,1,1,1,117,41
2024-01-02 20:00:00,1,1,1,118,41
2024-01-02 20:01:00,1,1,1,118,40
2024-01-02 20:02:00,1,1,1,119,40
2024-01-02 20:03:00,1,1,1,119,40
2024-01-02 20:04:00,1,1,1,119,39
2024-01-02 20:05:00,1,1,1,120,39
2024-01-02 20:06:00,1,1,1,120,39
2024-01-02 20:07:00,1,1,1,120,38
2024-01-02 20:08:00,1,1,1,121,38
2024-01-02 20:09:00,1,1,1,121,37
2024-01-02 20:10:00,1,1,1,122,37
2024-01-02 20:11:00,1,1,1,122,37
2024-01-02 20:12:00,1,1,1,122,36
2024-01-02 20:13:00,1,1,1,123,36
2024-01-02 20:14:00,1,1,1,123,36
2024-01-02 20:15:00,1,1,1,124,35
2024-01-02 20:16:00,1,1,1,124,35
2024-01-02 20:17:00,1,1,1,124,35
2024-01-02 20:18:00,1,1,1,125,34
2024-01-02 20:19:00,1,1,1,125,34
2024-01-02 20:20:00,1,1,1,125,33
2024-01-02 20:21:00,1,1,1,126,33
2024-01-02 20:22:00,1,1,1,126,33
2024-01-02 20:23:00,1,1,1,127,32
2024-01-02 20:24:00,1,1,1,127,32
2024-01-02 20:25:00,1,1,1,127,32
2024-01-02 20:26:00,1,1,1,128,31
2024-01-02 20:27:00,1,1,1,128,31
2024-01-02 20:28:00,1,1,1,129,31
2024-01-02 20:29:00,1,1,1,129,30
2024-01-02 20:30:00,1,1,1,129,30
2024-01-02 20:31:00,1,1,1,130,30
2024-01-02 20:32:00,1,1,1,130,29
2024-01-02 20:33:00,1,1,1,131,29
2024-01-02 20:34:00,1,1,1,131,29
2024-01-02 20:35:00,1,1,1,131,28
2024-01-02 20:36:00,1,1,1,132,28
2024-01-02 20:37:00,1,1,1,132,28
2024-01-02 20:38:00,1,1,1,133,27
2024-01-02 20:39:00,1,1,1,133,27
2024-01-02 20:40:00,1,1,1,133,27
2024-01-02 20:41:00,1,1,1,134,26
2024-01-02 20:42:00,1,1,1,134,26
2024-01-02 20:43:00,1,1,1,135,26
2024-01-02 20:44:00,1,1,1,135,25
2024-01-02 20:45:00,1,1,1,135,25
2024-01-02 20:46:00,1,1,1,136,25
2024-01-02 20:47:00,1,1,1,136,25
2024-01-02 20:48:00,1,1,1,137,24
2024-01-02 20:49:00,1,1,1,137,24
2024-01-02 20:50:00,1,1,1,137,24
2024-01-02 20:51:00,1,1,1,138,23
2024-01-02 20:52:00,1,1,1,138,23
2024-01-02 20:53:00,1,1,1,139,23
2024-01-02 20:54:00,1,1,1,139,22
2024-01-02 20:55:00,1,1,1,139,22
2024-01-02 20:56:00,1,1,1,140,22
2024-01-02 20:57:00,1,1,1,140,22
2024-01-02 20:58:00,1,1,1,141,21
2024-01-02 20:59:00,1,1,1,141,21
2024-01-02 21:00:00,1,1,1,141,21
2024-01-02 21:01:00,1,1,0,142,20
2024-01-02 21:02:00,1,1,0,142,20
2024-01-02 21:03:00,1,1,0,143,20
2024-01-02 21:04:00,1,1,0,143,20
2024-01-02 21:05:00,1,1,0,143,19
2024-01-02 21:06:00,1,1,0,144,19
2024-01-02 21:07:00,1,1,0,144,19
2024-01-02 21:08:00,1,1,0,144,19
2024-01-02 21:09:00,1,1,0,145,18
2024-01-02 21:10:00,1,1,0,145,18
2024-01-02 21:11:00,1,1,0,146,18
2024-01-02 21:12:00,1,1,0,146,17
2024-01-02 21:13:00,1,1,0,146,17
2024-01-02 21:14:00,1,1,0,147,17
2024-01-02 21:15:00,1,1,0,147,17
2024-01-02 21:16:00,1,1,0,148,16
2024-01-02 21:17:00,1,1,0,148,16
2024-01-02 21:18:00,1,1,0,148,16
2024-01-02 21:19:00,1,1,0,149,16
